{"cameraMode":{"drawMode":0,"name":"Shaded","section":"Shading Mode"},"sceneLighting":true,"audioPlay":false,"sceneViewState":{"showFog":true,"showMaterialUpdate":false,"showSkybox":true,"showFlares":true,"showImageEffects":true,"showParticleSystems":true,"showVisualEffectGraphs":true,"m_FxEnabled":true},"in2DMode":false,"pivot":{"x":15.077398300170899,"y":0.21711254119873048,"z":0.8263664245605469},"rotation":{"x":-0.09584438055753708,"y":-0.8869364261627197,"z":0.21308398246765138,"w":-0.39860761165618899},"size":13.320586204528809,"orthographic":false}